what,kind,bundleId,bundleVersion,description,time
activated,view,org.eclipse.ui.console,3.5.0.v20100526,"org.eclipse.ui.console.ConsoleView",1405536923331
deactivated,workbench,org.eclipse.ui.workbench,3.6.2.M20110210-1200,"",1405536925822
activated,workbench,org.eclipse.ui.workbench,3.6.2.M20110210-1200,"",1405536942358
executed,command,org.eclipse.ui,3.6.2.M20110203-1100,"org.eclipse.ui.file.save",1405536965749
deactivated,workbench,org.eclipse.ui.workbench,3.6.2.M20110210-1200,"",1405536967597
activated,workbench,org.eclipse.ui.workbench,3.6.2.M20110210-1200,"",1405537073867
activated,editor,org.eclipse.jst.jsp.ui,1.1.503.v201101262228,"org.eclipse.jst.jsp.core.jspsource.source",1405537075946
executed,command,org.eclipse.ui,3.6.2.M20110203-1100,"org.eclipse.ui.file.save",1405537091689
deactivated,workbench,org.eclipse.ui.workbench,3.6.2.M20110210-1200,"",1405537096942
activated,workbench,org.eclipse.ui.workbench,3.6.2.M20110210-1200,"",1405537177138
deactivated,workbench,org.eclipse.ui.workbench,3.6.2.M20110210-1200,"",1405537191110
activated,workbench,org.eclipse.ui.workbench,3.6.2.M20110210-1200,"",1405537196986
opened,editor,org.eclipse.jdt.ui,3.6.2.r362_v20110203,"org.eclipse.jdt.ui.CompilationUnitEditor",1405537197278
activated,editor,org.eclipse.jdt.ui,3.6.2.r362_v20110203,"org.eclipse.jdt.ui.CompilationUnitEditor",1405537197326
executed,command,org.eclipse.ui.ide,3.6.2.M20101201-0800,"org.eclipse.ui.navigate.openResource",1405537197338
deactivated,workbench,org.eclipse.ui.workbench,3.6.2.M20110210-1200,"",1405537199695
executed,command,org.eclipse.ui,3.6.2.M20110203-1100,"org.eclipse.ui.edit.findReplace",1405537199706
activated,workbench,org.eclipse.ui.workbench,3.6.2.M20110210-1200,"",1405537207823
deactivated,workbench,org.eclipse.ui.workbench,3.6.2.M20110210-1200,"",1405537214393
executed,command,org.eclipse.ui,3.6.2.M20110203-1100,"org.eclipse.ui.edit.findReplace",1405537214405
activated,workbench,org.eclipse.ui.workbench,3.6.2.M20110210-1200,"",1405537224234
activated,view,org.eclipse.ui.ide,3.6.2.M20101201-0800,"org.eclipse.ui.views.ResourceNavigator",1405537233169
deactivated,workbench,org.eclipse.ui.workbench,3.6.2.M20110210-1200,"",1405537254921
activated,workbench,org.eclipse.ui.workbench,3.6.2.M20110210-1200,"",1405537270072
deactivated,workbench,org.eclipse.ui.workbench,3.6.2.M20110210-1200,"",1405537279626
activated,workbench,org.eclipse.ui.workbench,3.6.2.M20110210-1200,"",1405537281461
deactivated,workbench,org.eclipse.ui.workbench,3.6.2.M20110210-1200,"",1405537283357
activated,workbench,org.eclipse.ui.workbench,3.6.2.M20110210-1200,"",1405537569453
activated,editor,org.eclipse.jdt.ui,3.6.2.r362_v20110203,"org.eclipse.jdt.ui.CompilationUnitEditor",1405537570408
executed,command,org.eclipse.ui,3.6.2.M20110203-1100,"org.eclipse.ui.edit.paste",1405537575643
executed,command,org.eclipse.ui,3.6.2.M20110203-1100,"org.eclipse.ui.edit.copy",1405537579673
executed,command,org.eclipse.ui,3.6.2.M20110203-1100,"org.eclipse.ui.edit.copy",1405537586705
executed,command,org.eclipse.ui,3.6.2.M20110203-1100,"org.eclipse.ui.edit.copy",1405537587216
executed,command,org.eclipse.ui,3.6.2.M20110203-1100,"org.eclipse.ui.edit.paste",1405537589069
executed,command,org.eclipse.ui,3.6.2.M20110203-1100,"org.eclipse.ui.edit.copy",1405537596725
executed,command,org.eclipse.ui,3.6.2.M20110203-1100,"org.eclipse.ui.edit.copy",1405537597073
executed,command,org.eclipse.ui,3.6.2.M20110203-1100,"org.eclipse.ui.edit.paste",1405537604926
executed,command,org.eclipse.ui,3.6.2.M20110203-1100,"org.eclipse.ui.edit.copy",1405537608661
executed,command,org.eclipse.ui,3.6.2.M20110203-1100,"org.eclipse.ui.edit.paste",1405537610461
executed,command,org.eclipse.ui,3.6.2.M20110203-1100,"org.eclipse.ui.edit.delete",1405537620468
executed,command,org.eclipse.ui,3.6.2.M20110203-1100,"org.eclipse.ui.edit.copy",1405537646673
executed,command,org.eclipse.ui,3.6.2.M20110203-1100,"org.eclipse.ui.edit.paste",1405537660711
executed,command,org.eclipse.ui,3.6.2.M20110203-1100,"org.eclipse.ui.edit.delete",1405537663893
executed,command,org.eclipse.ui,3.6.2.M20110203-1100,"org.eclipse.ui.edit.copy",1405537677447
executed,command,org.eclipse.ui,3.6.2.M20110203-1100,"org.eclipse.ui.edit.paste",1405537686007
executed,command,org.eclipse.ui,3.6.2.M20110203-1100,"org.eclipse.ui.edit.copy",1405537690425
executed,command,org.eclipse.ui,3.6.2.M20110203-1100,"org.eclipse.ui.edit.paste",1405537692164
executed,command,org.eclipse.ui,3.6.2.M20110203-1100,"org.eclipse.ui.edit.copy",1405537708219
executed,command,org.eclipse.ui,3.6.2.M20110203-1100,"org.eclipse.ui.edit.paste",1405537710741
executed,command,org.eclipse.ui,3.6.2.M20110203-1100,"org.eclipse.ui.edit.copy",1405537715689
executed,command,org.eclipse.ui,3.6.2.M20110203-1100,"org.eclipse.ui.edit.paste",1405537719966
executed,command,org.eclipse.ui,3.6.2.M20110203-1100,"org.eclipse.ui.edit.copy",1405537744129
executed,command,org.eclipse.ui,3.6.2.M20110203-1100,"org.eclipse.ui.edit.copy",1405537744402
executed,command,org.eclipse.ui,3.6.2.M20110203-1100,"org.eclipse.ui.edit.paste",1405537767270
executed,command,org.eclipse.ui,3.6.2.M20110203-1100,"org.eclipse.ui.edit.copy",1405537775763
executed,command,org.eclipse.ui,3.6.2.M20110203-1100,"org.eclipse.ui.edit.copy",1405537776085
executed,command,org.eclipse.ui,3.6.2.M20110203-1100,"org.eclipse.ui.edit.paste",1405537779658
executed,command,org.eclipse.ui,3.6.2.M20110203-1100,"org.eclipse.ui.edit.copy",1405537804968
executed,command,org.eclipse.ui,3.6.2.M20110203-1100,"org.eclipse.ui.edit.copy",1405537805249
executed,command,org.eclipse.ui,3.6.2.M20110203-1100,"org.eclipse.ui.edit.paste",1405537807983
executed,command,org.eclipse.ui,3.6.2.M20110203-1100,"org.eclipse.ui.edit.text.contentAssist.proposals",1405537828530
executed,command,org.eclipse.ui,3.6.2.M20110203-1100,"org.eclipse.ui.edit.copy",1405537839624
executed,command,org.eclipse.ui,3.6.2.M20110203-1100,"org.eclipse.ui.edit.paste",1405537841575
executed,command,org.eclipse.ui,3.6.2.M20110203-1100,"org.eclipse.ui.edit.text.contentAssist.proposals",1405537849974
executed,command,org.eclipse.ui,3.6.2.M20110203-1100,"org.eclipse.ui.edit.copy",1405537856033
executed,command,org.eclipse.ui,3.6.2.M20110203-1100,"org.eclipse.ui.edit.copy",1405537856241
executed,command,org.eclipse.ui,3.6.2.M20110203-1100,"org.eclipse.ui.edit.copy",1405537856786
executed,command,org.eclipse.ui,3.6.2.M20110203-1100,"org.eclipse.ui.edit.copy",1405537857063
executed,command,org.eclipse.ui,3.6.2.M20110203-1100,"org.eclipse.ui.edit.paste",1405537858336
executed,command,org.eclipse.ui,3.6.2.M20110203-1100,"org.eclipse.ui.edit.paste",1405537881757
executed,command,org.eclipse.ui,3.6.2.M20110203-1100,"org.eclipse.ui.edit.delete",1405537885398
executed,command,org.eclipse.ui,3.6.2.M20110203-1100,"org.eclipse.ui.edit.copy",1405537890442
executed,command,org.eclipse.ui,3.6.2.M20110203-1100,"org.eclipse.ui.edit.copy",1405537890762
executed,command,org.eclipse.ui,3.6.2.M20110203-1100,"org.eclipse.ui.edit.paste",1405537894870
executed,command,org.eclipse.ui,3.6.2.M20110203-1100,"org.eclipse.ui.edit.paste",1405537899454
executed,command,org.eclipse.ui,3.6.2.M20110203-1100,"org.eclipse.ui.edit.paste",1405537906304
executed,command,org.eclipse.ui,3.6.2.M20110203-1100,"org.eclipse.ui.edit.copy",1405537943402
executed,command,org.eclipse.ui,3.6.2.M20110203-1100,"org.eclipse.ui.edit.copy",1405537943829
executed,command,org.eclipse.ui,3.6.2.M20110203-1100,"org.eclipse.ui.edit.paste",1405537945986
deactivated,workbench,org.eclipse.ui.workbench,3.6.2.M20110210-1200,"",1405537965026
executed,command,org.eclipse.ui,3.6.2.M20110203-1100,"org.eclipse.ui.edit.findReplace",1405537965038
activated,workbench,org.eclipse.ui.workbench,3.6.2.M20110210-1200,"",1405537968806
deactivated,workbench,org.eclipse.ui.workbench,3.6.2.M20110210-1200,"",1405537970186
activated,workbench,org.eclipse.ui.workbench,3.6.2.M20110210-1200,"",1405537970331
executed,command,org.eclipse.ui,3.6.2.M20110203-1100,"org.eclipse.ui.file.save",1405537992001
activated,view,org.eclipse.ui.ide,3.6.2.M20101201-0800,"org.eclipse.ui.views.ResourceNavigator",1405537994181
deactivated,workbench,org.eclipse.ui.workbench,3.6.2.M20110210-1200,"",1405537997181
activated,workbench,org.eclipse.ui.workbench,3.6.2.M20110210-1200,"",1405538152027
deactivated,workbench,org.eclipse.ui.workbench,3.6.2.M20110210-1200,"",1405538153804
activated,workbench,org.eclipse.ui.workbench,3.6.2.M20110210-1200,"",1405538155819
executed,command,org.eclipse.ltk.ui.refactoring,3.5.0.v20100526-0800,"org.eclipse.ltk.ui.refactoring.commands.deleteResources",1405538155823
deactivated,workbench,org.eclipse.ui.workbench,3.6.2.M20110210-1200,"",1405538158078
activated,workbench,org.eclipse.ui.workbench,3.6.2.M20110210-1200,"",1405538167017
executed,command,org.tigris.subversion.subclipse.ui,1.6.18,"org.tigris.subversion.subclipse.ui.synchronize",1405538174654
deactivated,workbench,org.eclipse.ui.workbench,3.6.2.M20110210-1200,"",1405538174916
activated,workbench,org.eclipse.ui.workbench,3.6.2.M20110210-1200,"",1405538175205
opened,view,org.eclipse.team.ui,3.5.102.R36x_v20110203-1036,"org.eclipse.team.sync.views.SynchronizeView",1405538175496
activated,perspective,org.eclipse.team.ui,3.5.102.R36x_v20110203-1036,"org.eclipse.team.ui.TeamSynchronizingPerspective",1405538175537
activated,editor,org.eclipse.jdt.ui,3.6.2.r362_v20110203,"org.eclipse.jdt.ui.CompilationUnitEditor",1405538175561
activated,view,org.eclipse.team.ui,3.5.102.R36x_v20110203-1036,"org.eclipse.team.sync.views.SynchronizeView",1405538175596
deactivated,workbench,org.eclipse.ui.workbench,3.6.2.M20110210-1200,"",1405538200204
activated,workbench,org.eclipse.ui.workbench,3.6.2.M20110210-1200,"",1405538208957
deactivated,workbench,org.eclipse.ui.workbench,3.6.2.M20110210-1200,"",1405538208970
activated,workbench,org.eclipse.ui.workbench,3.6.2.M20110210-1200,"",1405538209297
executed,command,org.tigris.subversion.subclipse.ui,1.6.18,"org.tigris.subversion.subclipse.ui.commit",1405538209299
deactivated,workbench,org.eclipse.ui.workbench,3.6.2.M20110210-1200,"",1405538209347
activated,workbench,org.eclipse.ui.workbench,3.6.2.M20110210-1200,"",1405538210117
activated,perspective,,,"Hamdoune",1405538214240
activated,editor,org.eclipse.jdt.ui,3.6.2.r362_v20110203,"org.eclipse.jdt.ui.CompilationUnitEditor",1405538214264
activated,view,org.eclipse.ui.ide,3.6.2.M20101201-0800,"org.eclipse.ui.views.ResourceNavigator",1405538219241
deactivated,workbench,org.eclipse.ui.workbench,3.6.2.M20110210-1200,"",1405538258015
activated,workbench,org.eclipse.ui.workbench,3.6.2.M20110210-1200,"",1405538261467
activated,editor,org.eclipse.jdt.ui,3.6.2.r362_v20110203,"org.eclipse.jdt.ui.CompilationUnitEditor",1405538266813
deactivated,workbench,org.eclipse.ui.workbench,3.6.2.M20110210-1200,"",1405538276193
activated,workbench,org.eclipse.ui.workbench,3.6.2.M20110210-1200,"",1405538310743
activated,view,org.eclipse.ui.console,3.5.0.v20100526,"org.eclipse.ui.console.ConsoleView",1405538318248
activated,view,org.eclipse.wst.server.ui,1.1.207.v20110119,"org.eclipse.wst.server.ui.ServersView",1405538318611
activated,view,org.eclipse.ui.console,3.5.0.v20100526,"org.eclipse.ui.console.ConsoleView",1405538320901
activated,view,org.eclipse.wst.server.ui,1.1.207.v20110119,"org.eclipse.wst.server.ui.ServersView",1405538328934
executed,command,org.eclipse.wst.server.ui,1.1.207.v20110119,"org.eclipse.wst.server.run",1405538332960
activated,view,org.eclipse.ui.console,3.5.0.v20100526,"org.eclipse.ui.console.ConsoleView",1405538334975
deactivated,workbench,org.eclipse.ui.workbench,3.6.2.M20110210-1200,"",1405538371018
activated,workbench,org.eclipse.ui.workbench,3.6.2.M20110210-1200,"",1405538389350
activated,view,org.eclipse.wst.server.ui,1.1.207.v20110119,"org.eclipse.wst.server.ui.ServersView",1405538389355
activated,view,org.eclipse.ui.console,3.5.0.v20100526,"org.eclipse.ui.console.ConsoleView",1405539026799
deactivated,workbench,org.eclipse.ui.workbench,3.6.2.M20110210-1200,"",1405539054565
activated,workbench,org.eclipse.ui.workbench,3.6.2.M20110210-1200,"",1405539107678
deactivated,workbench,org.eclipse.ui.workbench,3.6.2.M20110210-1200,"",1405539140622
activated,workbench,org.eclipse.ui.workbench,3.6.2.M20110210-1200,"",1405539157108
deactivated,workbench,org.eclipse.ui.workbench,3.6.2.M20110210-1200,"",1405539160337
started,bundle,org.eclipse.wst.xsl.debug.ui,1.0.101.v201102111830,"org.eclipse.wst.xsl.debug.ui",1405539228167
activated,workbench,org.eclipse.ui.workbench,3.6.2.M20110210-1200,"",1405539252577
deactivated,workbench,org.eclipse.ui.workbench,3.6.2.M20110210-1200,"",1405539259486
activated,workbench,org.eclipse.ui.workbench,3.6.2.M20110210-1200,"",1405539273452
deactivated,workbench,org.eclipse.ui.workbench,3.6.2.M20110210-1200,"",1405539296776
activated,workbench,org.eclipse.ui.workbench,3.6.2.M20110210-1200,"",1405539433104
deactivated,workbench,org.eclipse.ui.workbench,3.6.2.M20110210-1200,"",1405539443172
activated,workbench,org.eclipse.ui.workbench,3.6.2.M20110210-1200,"",1405539489781
deactivated,workbench,org.eclipse.ui.workbench,3.6.2.M20110210-1200,"",1405539494622
activated,workbench,org.eclipse.ui.workbench,3.6.2.M20110210-1200,"",1405539495573
deactivated,workbench,org.eclipse.ui.workbench,3.6.2.M20110210-1200,"",1405539497087
activated,workbench,org.eclipse.ui.workbench,3.6.2.M20110210-1200,"",1405539515345
deactivated,workbench,org.eclipse.ui.workbench,3.6.2.M20110210-1200,"",1405539556033
activated,workbench,org.eclipse.ui.workbench,3.6.2.M20110210-1200,"",1405544617192
deactivated,workbench,org.eclipse.ui.workbench,3.6.2.M20110210-1200,"",1405544625614
activated,workbench,org.eclipse.ui.workbench,3.6.2.M20110210-1200,"",1405545663419
activated,editor,org.eclipse.jdt.ui,3.6.2.r362_v20110203,"org.eclipse.jdt.ui.CompilationUnitEditor",1405545663451
deactivated,workbench,org.eclipse.ui.workbench,3.6.2.M20110210-1200,"",1405545665839
activated,workbench,org.eclipse.ui.workbench,3.6.2.M20110210-1200,"",1405547383918
deactivated,workbench,org.eclipse.ui.workbench,3.6.2.M20110210-1200,"",1405547386488
activated,workbench,org.eclipse.ui.workbench,3.6.2.M20110210-1200,"",1405547749681
deactivated,workbench,org.eclipse.ui.workbench,3.6.2.M20110210-1200,"",1405547750149
activated,workbench,org.eclipse.ui.workbench,3.6.2.M20110210-1200,"",1405549462123
activated,view,org.eclipse.ui.ide,3.6.2.M20101201-0800,"org.eclipse.ui.views.ResourceNavigator",1405549464429
opened,editor,org.eclipse.jdt.ui,3.6.2.r362_v20110203,"org.eclipse.jdt.ui.PropertiesFileEditor",1405549472716
activated,editor,org.eclipse.jdt.ui,3.6.2.r362_v20110203,"org.eclipse.jdt.ui.PropertiesFileEditor",1405549472738
executed,command,org.eclipse.ui,3.6.2.M20110203-1100,"org.eclipse.ui.edit.copy",1405549480415
executed,command,org.eclipse.ui,3.6.2.M20110203-1100,"org.eclipse.ui.edit.copy",1405549480647
executed,command,org.eclipse.ui,3.6.2.M20110203-1100,"org.eclipse.ui.edit.copy",1405549480887
deactivated,workbench,org.eclipse.ui.workbench,3.6.2.M20110210-1200,"",1405549483055
activated,workbench,org.eclipse.ui.workbench,3.6.2.M20110210-1200,"",1405549501352
executed,command,org.eclipse.ui,3.6.2.M20110203-1100,"org.eclipse.ui.edit.copy",1405549505967
executed,command,org.eclipse.ui,3.6.2.M20110203-1100,"org.eclipse.ui.edit.copy",1405549506263
executed,command,org.eclipse.ui,3.6.2.M20110203-1100,"org.eclipse.ui.edit.copy",1405549506494
deactivated,workbench,org.eclipse.ui.workbench,3.6.2.M20110210-1200,"",1405549509112
activated,workbench,org.eclipse.ui.workbench,3.6.2.M20110210-1200,"",1405550350002
deactivated,workbench,org.eclipse.ui.workbench,3.6.2.M20110210-1200,"",1405550350557
activated,workbench,org.eclipse.ui.workbench,3.6.2.M20110210-1200,"",1405550491752
deactivated,workbench,org.eclipse.ui.workbench,3.6.2.M20110210-1200,"",1405550492223
activated,workbench,org.eclipse.ui.workbench,3.6.2.M20110210-1200,"",1405567823537
activated,view,org.eclipse.ui.console,3.5.0.v20100526,"org.eclipse.ui.console.ConsoleView",1405567827415
activated,view,org.eclipse.wst.server.ui,1.1.207.v20110119,"org.eclipse.wst.server.ui.ServersView",1405567827861
deactivated,workbench,org.eclipse.ui.workbench,3.6.2.M20110210-1200,"",1405567831947
activated,workbench,org.eclipse.ui.workbench,3.6.2.M20110210-1200,"",1405567833384
closed,workbench,org.eclipse.ui.workbench,3.6.2.M20110210-1200,"",1405567833731
stopped,bundle,org.eclipse.jst.j2ee.xdoclet.runtime,1.1.300.v201004280700,"org.eclipse.jst.j2ee.xdoclet.runtime",1405567834612
stopped,bundle,org.eclipse.jst.j2ee.ejb.annotations.xdoclet,1.2.100.v201003112036,"org.eclipse.jst.j2ee.ejb.annotations.xdoclet",1405567834614
stopped,bundle,org.eclipse.jst.server.generic.jboss,1.6.1.v200904151730,"org.eclipse.jst.server.generic.jboss",1405567834616
stopped,bundle,org.eclipse.jst.server.generic.jonas,1.5.205.v200805140145,"org.eclipse.jst.server.generic.jonas",1405567834618
stopped,bundle,org.eclipse.jst.server.generic.oc4j,1.5.206.v20090812,"org.eclipse.jst.server.generic.oc4j",1405567834621
stopped,bundle,org.eclipse.jst.server.websphere.core,1.0.302.v20080620,"org.eclipse.jst.server.websphere.core",1405567834623
stopped,bundle,org.eclipse.jst.server.generic.ui,1.0.505.v20100428,"org.eclipse.jst.server.generic.ui",1405567834626
stopped,bundle,org.eclipse.jst.server.generic.core,1.0.606.v20100512,"org.eclipse.jst.server.generic.core",1405567834627
stopped,bundle,org.eclipse.mylyn.ide.ant,3.4.0.v20100608-0100-e3x,"org.eclipse.mylyn.ide.ant",1405567834628
stopped,bundle,org.eclipse.datatools.connectivity.oda.template.ui,3.2.1.v201004090942,"org.eclipse.datatools.connectivity.oda.template.ui",1405567834630
stopped,bundle,org.eclipse.pde.api.tools.ui,1.0.201.v20100820_r361,"org.eclipse.pde.api.tools.ui",1405567834630
stopped,bundle,org.eclipse.pde.ds.ui,1.0.100.v20100601,"org.eclipse.pde.ds.ui",1405567834632
stopped,bundle,org.eclipse.pde.runtime,3.4.200.v20100601,"org.eclipse.pde.runtime",1405567834634
stopped,bundle,org.eclipse.pde.ua.ui,1.0.100.v20100504,"org.eclipse.pde.ua.ui",1405567834637
stopped,bundle,org.eclipse.pde.ui.templates,3.4.200.v20100601,"org.eclipse.pde.ui.templates",1405567834639
stopped,bundle,org.eclipse.pde.ui,3.6.1.v20110210_r362,"org.eclipse.pde.ui",1405567834639
stopped,bundle,org.eclipse.ant.ui,3.5.0.v20100427,"org.eclipse.ant.ui",1405567834641
stopped,bundle,org.eclipse.ant.launching,1.0.1.v20101020_r362,"org.eclipse.ant.launching",1405567834644
stopped,bundle,org.eclipse.compare.win32,1.0.101.R36x_v20101103-0618,"org.eclipse.compare.win32",1405567834646
stopped,bundle,org.eclipse.equinox.p2.ui.sdk,1.0.100.v20100513,"org.eclipse.equinox.p2.ui.sdk",1405567834647
stopped,bundle,org.eclipse.jst.server.tomcat.ui,1.1.200.v20100418,"org.eclipse.jst.server.tomcat.ui",1405567834647
stopped,bundle,org.eclipse.jst.server.ui,1.1.101.v20100823b,"org.eclipse.jst.server.ui",1405567834649
stopped,bundle,org.eclipse.mylyn.java.tasks,3.4.0.v20100608-0100-e3x,"org.eclipse.mylyn.java.tasks",1405567834649
stopped,bundle,org.eclipse.mylyn.java.ui,3.4.0.v20100608-0100-e3x,"org.eclipse.mylyn.java.ui",1405567834649
stopped,bundle,org.eclipse.jdt.junit,3.6.1.r361_v20100825-0800,"org.eclipse.jdt.junit",1405567834649
stopped,bundle,org.eclipse.jpt.eclipselink.ui,1.3.0.v201004280001,"org.eclipse.jpt.eclipselink.ui",1405567834652
stopped,bundle,org.eclipse.jpt.eclipselink.core,1.3.2.v201102072310,"org.eclipse.jpt.eclipselink.core",1405567834656
stopped,bundle,org.eclipse.jpt.jaxb.ui,1.0.1.v201006300000,"org.eclipse.jpt.jaxb.ui",1405567834658
stopped,bundle,org.eclipse.jpt.ui,2.3.2.v201008252310,"org.eclipse.jpt.ui",1405567834665
stopped,bundle,org.eclipse.jpt.core,2.3.3.v201102172310,"org.eclipse.jpt.core",1405567834673
stopped,bundle,org.eclipse.jpt.db,1.2.202.v201010192330,"org.eclipse.jpt.db",1405567834675
stopped,bundle,org.eclipse.datatools.enablement.jdt.classpath,1.0.1.v201004070709,"org.eclipse.datatools.enablement.jdt.classpath",1405567834677
stopped,bundle,org.eclipse.jdt.apt.ui,3.3.300.v20100513-0845,"org.eclipse.jdt.apt.ui",1405567834678
stopped,bundle,org.eclipse.datatools.enablement.sybase.asa.schemaobjecteditor.examples,2.5.0.200810071,"org.eclipse.datatools.enablement.sybase.asa.schemaobjecteditor.examples",1405567834681
stopped,bundle,org.eclipse.datatools.sqltools.debugger.core.ui,1.0.0.v201003161000,"org.eclipse.datatools.sqltools.debugger.core.ui",1405567834684
stopped,bundle,org.eclipse.jst.server.preview.adapter,1.1.100.v20100308,"org.eclipse.jst.server.preview.adapter",1405567834686
stopped,bundle,org.eclipse.wst.xsl.jaxp.debug.ui,1.0.100.v201004290328,"org.eclipse.wst.xsl.jaxp.debug.ui",1405567834687
stopped,bundle,org.eclipse.jdt.debug.ui,3.5.2.v20100928a_r362,"org.eclipse.jdt.debug.ui",1405567834687
stopped,bundle,org.eclipse.jst.common.annotations.ui,1.1.300.v201002081900,"org.eclipse.jst.common.annotations.ui",1405567834689
stopped,bundle,org.eclipse.jst.j2ee.ejb.annotations.ui,1.1.200.v201004290730,"org.eclipse.jst.j2ee.ejb.annotations.ui",1405567834691
stopped,bundle,org.eclipse.jst.ejb.ui,1.1.502.v201101121843,"org.eclipse.jst.ejb.ui",1405567834692
stopped,bundle,org.eclipse.jst.ws.axis.creation.ui,1.0.600.v201008171516,"org.eclipse.jst.ws.axis.creation.ui",1405567834694
stopped,bundle,org.eclipse.jst.ws.axis.consumption.ui,1.0.505.v201004211805,"org.eclipse.jst.ws.axis.consumption.ui",1405567834696
stopped,bundle,org.eclipse.jst.ws.axis2.creation.ui,1.0.104.v201004211805,"org.eclipse.jst.ws.axis2.creation.ui",1405567834698
stopped,bundle,org.eclipse.jst.ws.axis2.consumption.ui,1.0.103.v201004211805,"org.eclipse.jst.ws.axis2.consumption.ui",1405567834699
stopped,bundle,org.eclipse.jst.ws.axis2.creation.core,1.0.106.v201004211805,"org.eclipse.jst.ws.axis2.creation.core",1405567834701
stopped,bundle,org.eclipse.jst.ws.axis2.consumption.core,1.0.105.v201004211805,"org.eclipse.jst.ws.axis2.consumption.core",1405567834703
stopped,bundle,org.eclipse.jst.ws.cxf.creation.ui,1.0.0.v201003311345,"org.eclipse.jst.ws.cxf.creation.ui",1405567834705
stopped,bundle,org.eclipse.jst.ws.creation.ui,1.0.510.v201011041151,"org.eclipse.jst.ws.creation.ui",1405567834706
stopped,bundle,org.eclipse.jst.ws.cxf.consumption.ui,1.0.0.v201003222311,"org.eclipse.jst.ws.cxf.consumption.ui",1405567834708
stopped,bundle,org.eclipse.jst.ws.consumption.ui,1.1.302.v201101191731,"org.eclipse.jst.ws.consumption.ui",1405567834710
activated,perspective,,,"Hamdoune",1405575447184
started,bundle,org.eclipse.osgi,3.6.2.R36x_v20110210,"org.eclipse.osgi",1405575447186
started,bundle,org.eclipse.equinox.simpleconfigurator,1.0.200.v20100503,"org.eclipse.equinox.simpleconfigurator",1405575447187
started,bundle,com.ibm.icu,4.2.1.v20100412,"com.ibm.icu",1405575447188
started,bundle,org.eclipse.core.contenttype,3.4.100.v20100505-1235,"org.eclipse.core.contenttype",1405575447194
started,bundle,org.eclipse.core.databinding.observable,1.3.0.I20100601-0800,"org.eclipse.core.databinding.observable",1405575447194
started,bundle,org.eclipse.core.expressions,3.4.200.v20100505,"org.eclipse.core.expressions",1405575447194
started,bundle,org.eclipse.core.filebuffers,3.5.100.v20100520-0800,"org.eclipse.core.filebuffers",1405575447199
started,bundle,org.eclipse.core.filesystem,1.3.1.R36x_v20100727-0745,"org.eclipse.core.filesystem",1405575447199
started,bundle,org.eclipse.core.jobs,3.5.1.R36x_v20100824,"org.eclipse.core.jobs",1405575447199
started,bundle,org.eclipse.core.net,1.2.100.I20100511-0800,"org.eclipse.core.net",1405575447204
started,bundle,org.eclipse.core.resources,3.6.1.R36x_v20110131-1630,"org.eclipse.core.resources",1405575447204
started,bundle,org.eclipse.core.runtime,3.6.0.v20100505,"org.eclipse.core.runtime",1405575447209
started,bundle,org.eclipse.core.runtime.compatibility,3.2.100.v20100505,"org.eclipse.core.runtime.compatibility",1405575447209
started,bundle,org.eclipse.core.runtime.compatibility.auth,3.2.200.v20100517,"org.eclipse.core.runtime.compatibility.auth",1405575447209
started,bundle,org.eclipse.core.variables,3.2.400.v20100505,"org.eclipse.core.variables",1405575447219
started,bundle,org.eclipse.debug.core,3.6.0.v20100519,"org.eclipse.debug.core",1405575447219
started,bundle,org.eclipse.emf.common,2.6.0.v20100914-1218,"org.eclipse.emf.common",1405575447224
started,bundle,org.eclipse.emf.ecore,2.6.1.v20100914-1218,"org.eclipse.emf.ecore",1405575447224
started,bundle,org.eclipse.emf.ecore.xmi,2.5.0.v20100521-1846,"org.eclipse.emf.ecore.xmi",1405575447224
started,bundle,org.eclipse.epp.usagedata.gathering,1.3.1.R201102081640,"org.eclipse.epp.usagedata.gathering",1405575447229
started,bundle,org.eclipse.epp.usagedata.recording,1.3.1.R201102081640,"org.eclipse.epp.usagedata.recording",1405575447229
started,bundle,org.eclipse.equinox.app,1.3.1.R36x_v20100803,"org.eclipse.equinox.app",1405575447229
started,bundle,org.eclipse.equinox.common,3.6.0.v20100503,"org.eclipse.equinox.common",1405575447229
started,bundle,org.eclipse.equinox.ds,1.2.1.R36x_v20100803,"org.eclipse.equinox.ds",1405575447229
started,bundle,org.eclipse.equinox.event,1.2.0.v20100503,"org.eclipse.equinox.event",1405575447234
started,bundle,org.eclipse.equinox.p2.core,2.0.3.R36x_v20110111,"org.eclipse.equinox.p2.core",1405575447234
started,bundle,org.eclipse.equinox.p2.directorywatcher,1.0.203.R36x_v20101220,"org.eclipse.equinox.p2.directorywatcher",1405575447234
started,bundle,org.eclipse.equinox.p2.engine,2.0.1.R36x_v20110201,"org.eclipse.equinox.p2.engine",1405575447234
started,bundle,org.eclipse.equinox.p2.metadata,2.0.1.R36x_v20101202,"org.eclipse.equinox.p2.metadata",1405575447239
started,bundle,org.eclipse.equinox.p2.metadata.repository,1.1.0.v20100513,"org.eclipse.equinox.p2.metadata.repository",1405575447239
started,bundle,org.eclipse.equinox.p2.operations,2.0.0.v20100510,"org.eclipse.equinox.p2.operations",1405575447239
started,bundle,org.eclipse.equinox.p2.reconciler.dropins,1.1.2.R36x_v20110114,"org.eclipse.equinox.p2.reconciler.dropins",1405575447244
started,bundle,org.eclipse.equinox.p2.repository,2.0.2.R36x_v20110111-1500,"org.eclipse.equinox.p2.repository",1405575447244
started,bundle,org.eclipse.equinox.p2.ui.sdk.scheduler,1.0.0.v20100507-1815,"org.eclipse.equinox.p2.ui.sdk.scheduler",1405575447244
started,bundle,org.eclipse.equinox.p2.updatechecker,1.1.101.R36x_v20100823,"org.eclipse.equinox.p2.updatechecker",1405575447249
started,bundle,org.eclipse.equinox.preferences,3.3.0.v20100503,"org.eclipse.equinox.preferences",1405575447249
started,bundle,org.eclipse.equinox.registry,3.5.0.v20100503,"org.eclipse.equinox.registry",1405575447249
started,bundle,org.eclipse.equinox.security,1.0.200.v20100503,"org.eclipse.equinox.security",1405575447249
started,bundle,org.eclipse.equinox.util,1.0.200.v20100503,"org.eclipse.equinox.util",1405575447254
started,bundle,org.eclipse.help,3.5.0.v20100524,"org.eclipse.help",1405575447254
started,bundle,org.eclipse.jdt.core,3.6.2.v_A76_R36x,"org.eclipse.jdt.core",1405575447254
started,bundle,org.eclipse.jdt.core.manipulation,1.3.0.v20100520-0800,"org.eclipse.jdt.core.manipulation",1405575447254
started,bundle,org.eclipse.jdt.launching,3.5.200.v20110105_r362,"org.eclipse.jdt.launching",1405575447259
started,bundle,org.eclipse.jdt.ui,3.6.2.r362_v20110203,"org.eclipse.jdt.ui",1405575447264
started,bundle,org.eclipse.jem,2.0.400.v201005110200,"org.eclipse.jem",1405575447264
started,bundle,org.eclipse.jem.util,2.1.3.v201012070000,"org.eclipse.jem.util",1405575447264
started,bundle,org.eclipse.jem.workbench,2.0.300.v200910290230,"org.eclipse.jem.workbench",1405575447269
started,bundle,org.eclipse.jface,3.6.2.M20110210-1200,"org.eclipse.jface",1405575447269
started,bundle,org.eclipse.jsch.core,1.1.200.I20100505-1245,"org.eclipse.jsch.core",1405575447274
